tiempo_inicio,tiempo_fin,user_id,tipo_solicitud,texto_solicitud,caracteristicas,demanda_predicha,servidor_asignado,tiempo_asignacion,tiempo_espera
2024-12-24 01:51:06,2024-12-24 01:51:10,user_avanzado_1,compleja,Análisis avanzado de datos,"{""demanda_predicha"": 3.2124698162078857, ""longitud"": 26, ""tipo"": ""compleja""}",3.2124698162078857,encolada,1.5746324062347412,4.208843231201172
2024-12-24 01:51:08,2024-12-24 01:51:11,user_basico_2,simple,Duda sobre el servicio,"{""demanda_predicha"": 1.3210086822509766, ""longitud"": 22, ""tipo"": ""simple""}",1.3210086822509766,encolada,0.7075049877166748,2.5047969818115234
2024-12-24 01:51:07,2024-12-24 01:51:11,user_intermedio_1,compleja,Análisis de datos de mi cuenta,"{""demanda_predicha"": 3.2025277614593506, ""longitud"": 30, ""tipo"": ""compleja""}",3.2025277614593506,encolada,1.6393418312072754,4.313198089599609
2024-12-24 01:51:11,2024-12-24 01:51:13,user_avanzado_3,compleja,Predicciones de mercado,"{""demanda_predicha"": 1.3193550109863281, ""longitud"": 23, ""tipo"": ""simple""}",1.3193550109863281,encolada,0.6870143413543701,2.400822162628174
2024-12-24 01:51:12,2024-12-24 01:51:15,user_intermedio_1,simple,Duda sobre la factura,"{""demanda_predicha"": 1.322662353515625, ""longitud"": 21, ""tipo"": ""simple""}",1.322662353515625,encolada,0.635657787322998,2.4041099548339844
2024-12-24 01:51:16,2024-12-24 01:51:18,user_intermedio_2,simple,Cambiar mi suscripción,"{""demanda_predicha"": 1.3210086822509766, ""longitud"": 22, ""tipo"": ""simple""}",1.3210086822509766,encolada,0.6790561676025391,2.3463497161865234
2024-12-24 01:51:15,2024-12-24 01:51:18,user_basico_1,simple,Información de contacto,"{""demanda_predicha"": 1.3193550109863281, ""longitud"": 23, ""tipo"": ""simple""}",1.3193550109863281,encolada,0.6312918663024902,3.022117853164673
2024-12-24 01:51:15,2024-12-24 01:51:21,user_avanzado_3,codigo,Ejecución de código Python complejo,"{""demanda_predicha"": 4.088248252868652, ""longitud"": 35, ""tipo"": ""codigo""}",4.088248252868652,encolada,2.367177724838257,6.2114832401275635
2024-12-24 01:51:22,2024-12-24 01:51:24,user_avanzado_1,codigo,Integración de API avanzada,"{""demanda_predicha"": 1.312740445137024, ""longitud"": 27, ""tipo"": ""simple""}",1.312740445137024,encolada,0.6818482875823975,2.4868357181549072
2024-12-24 01:51:21,2024-12-24 01:51:24,user_intermedio_1,simple,Consulta sobre mi plan,"{""demanda_predicha"": 1.3210086822509766, ""longitud"": 22, ""tipo"": ""simple""}",1.3210086822509766,encolada,0.7424933910369873,2.9121336936950684
2024-12-24 01:51:22,2024-12-24 01:51:24,user_basico_3,simple,Duda sobre el servicio,"{""demanda_predicha"": 1.3210086822509766, ""longitud"": 22, ""tipo"": ""simple""}",1.3210086822509766,encolada,0.7512557506561279,2.543882131576538
2024-12-24 01:51:25,2024-12-24 01:51:28,user_avanzado_2,codigo,Automatización de tareas con scripts,"{""demanda_predicha"": 1.3128812313079834, ""longitud"": 36, ""tipo"": ""simple""}",1.3128812313079834,encolada,0.8332393169403076,2.7737934589385986
2024-12-24 01:51:27,2024-12-24 01:51:29,user_basico_3,simple,Consulta general,"{""demanda_predicha"": 1.3309229612350464, ""longitud"": 16, ""tipo"": ""simple""}",1.3309229612350464,encolada,0.6798505783081055,2.2957444190979004
2024-12-24 01:51:26,2024-12-24 01:51:29,user_intermedio_1,simple,Consulta sobre mi plan,"{""demanda_predicha"": 1.3210086822509766, ""longitud"": 22, ""tipo"": ""simple""}",1.3210086822509766,encolada,0.7751202583312988,3.1144297122955322
2024-12-24 01:51:29,2024-12-24 01:51:31,user_avanzado_2,codigo,Integración de API avanzada,"{""demanda_predicha"": 1.312740445137024, ""longitud"": 27, ""tipo"": ""simple""}",1.312740445137024,encolada,0.9335012435913086,2.8713183403015137
2024-12-24 01:51:30,2024-12-24 01:51:33,user_intermedio_2,simple,Duda sobre la factura,"{""demanda_predicha"": 1.322662353515625, ""longitud"": 21, ""tipo"": ""simple""}",1.322662353515625,encolada,0.6363813877105713,2.992757797241211
2024-12-24 01:51:31,2024-12-24 01:51:34,user_basico_1,simple,Duda sobre el servicio,"{""demanda_predicha"": 1.3210086822509766, ""longitud"": 22, ""tipo"": ""simple""}",1.3210086822509766,encolada,0.7217121124267578,2.4625742435455322
2024-12-24 01:51:36,2024-12-24 01:51:38,user_intermedio_2,codigo,Prueba de API,"{""demanda_predicha"": 1.3355480432510376, ""longitud"": 13, ""tipo"": ""simple""}",1.3355480432510376,encolada,0.4982106685638428,2.153520107269287
2024-12-24 01:51:33,2024-12-24 01:51:39,user_avanzado_1,codigo,Ejecución de código Python complejo,"{""demanda_predicha"": 4.088248252868652, ""longitud"": 35, ""tipo"": ""codigo""}",4.088248252868652,encolada,2.237492322921753,6.230295419692993
2024-12-24 01:51:38,2024-12-24 01:51:40,user_basico_3,simple,Información de contacto,"{""demanda_predicha"": 1.3193550109863281, ""longitud"": 23, ""tipo"": ""simple""}",1.3193550109863281,encolada,0.5768370628356934,2.420860528945923
2024-12-24 01:51:41,2024-12-24 01:51:43,user_intermedio_1,codigo,Ejecución de script simple,"{""demanda_predicha"": 1.3143941164016724, ""longitud"": 26, ""tipo"": ""simple""}",1.3143941164016724,encolada,0.6361556053161621,2.3786768913269043
2024-12-24 01:51:40,2024-12-24 01:51:46,user_avanzado_3,codigo,Depuración de código,"{""demanda_predicha"": 4.321068286895752, ""longitud"": 20, ""tipo"": ""codigo""}",4.321068286895752,encolada,2.216294050216675,5.569979429244995
2024-12-24 01:51:45,2024-12-24 01:51:47,user_intermedio_3,simple,Cambiar mi suscripción,"{""demanda_predicha"": 1.3210086822509766, ""longitud"": 22, ""tipo"": ""simple""}",1.3210086822509766,encolada,0.6777489185333252,2.2992358207702637
2024-12-24 01:51:45,2024-12-24 01:51:48,user_basico_1,simple,Duda sobre el servicio,"{""demanda_predicha"": 1.3210086822509766, ""longitud"": 22, ""tipo"": ""simple""}",1.3210086822509766,encolada,0.7892870903015137,3.0806682109832764
2024-12-24 01:51:47,2024-12-24 01:51:49,user_avanzado_3,compleja,Predicciones de mercado,"{""demanda_predicha"": 1.3193550109863281, ""longitud"": 23, ""tipo"": ""simple""}",1.3193550109863281,encolada,0.5543830394744873,2.191514492034912
2024-12-24 01:51:49,2024-12-24 01:51:52,user_intermedio_3,compleja,Solicitud de integración con API,"{""demanda_predicha"": 1.3107144832611084, ""longitud"": 32, ""tipo"": ""simple""}",1.3107144832611084,encolada,0.8292210102081299,3.1907424926757812
2024-12-24 01:51:50,2024-12-24 01:51:53,user_avanzado_1,compleja,Informe de rendimiento personalizado,"{""demanda_predicha"": 1.3128812313079834, ""longitud"": 36, ""tipo"": ""simple""}",1.3128812313079834,encolada,0.8973455429077148,3.1587259769439697
2024-12-24 01:51:52,2024-12-24 01:51:55,user_basico_3,simple,Información de contacto,"{""demanda_predicha"": 1.3193550109863281, ""longitud"": 23, ""tipo"": ""simple""}",1.3193550109863281,encolada,0.790102481842041,2.8910746574401855
2024-12-24 01:51:54,2024-12-24 01:51:56,user_intermedio_3,compleja,Solicitud de integración con API,"{""demanda_predicha"": 1.3107144832611084, ""longitud"": 32, ""tipo"": ""simple""}",1.3107144832611084,encolada,0.6604626178741455,2.53373646736145
2024-12-24 01:51:54,2024-12-24 01:51:57,user_avanzado_3,compleja,Predicciones de mercado,"{""demanda_predicha"": 1.3193550109863281, ""longitud"": 23, ""tipo"": ""simple""}",1.3193550109863281,encolada,0.6955258846282959,2.4251487255096436
2024-12-24 01:51:58,2024-12-24 01:52:01,user_avanzado_1,compleja,Predicciones de mercado,"{""demanda_predicha"": 1.3193550109863281, ""longitud"": 23, ""tipo"": ""simple""}",1.3193550109863281,encolada,0.7240383625030518,2.9160284996032715
2024-12-24 01:51:59,2024-12-24 01:52:02,user_intermedio_2,simple,Cambiar mi suscripción,"{""demanda_predicha"": 1.3210086822509766, ""longitud"": 22, ""tipo"": ""simple""}",1.3210086822509766,encolada,0.5977804660797119,2.458313226699829
2024-12-24 01:52:00,2024-12-24 01:52:02,user_basico_2,simple,Consulta general,"{""demanda_predicha"": 1.3309229612350464, ""longitud"": 16, ""tipo"": ""simple""}",1.3309229612350464,encolada,0.5178816318511963,2.2267849445343018
2024-12-24 01:52:01,2024-12-24 01:52:04,user_avanzado_1,codigo,Integración de API avanzada,"{""demanda_predicha"": 1.312740445137024, ""longitud"": 27, ""tipo"": ""simple""}",1.312740445137024,encolada,0.7705614566802979,2.518411636352539
2024-12-24 01:52:03,2024-12-24 01:52:06,user_intermedio_1,simple,Consulta sobre mi plan,"{""demanda_predicha"": 1.3210086822509766, ""longitud"": 22, ""tipo"": ""simple""}",1.3210086822509766,encolada,0.683647871017456,2.374114990234375
2024-12-24 01:52:05,2024-12-24 01:52:08,user_avanzado_1,compleja,Informe de rendimiento personalizado,"{""demanda_predicha"": 1.3128812313079834, ""longitud"": 36, ""tipo"": ""simple""}",1.3128812313079834,encolada,0.8484597206115723,2.701744794845581
2024-12-24 01:52:07,2024-12-24 01:52:09,user_basico_3,simple,Información de contacto,"{""demanda_predicha"": 1.3193550109863281, ""longitud"": 23, ""tipo"": ""simple""}",1.3193550109863281,encolada,0.735663890838623,2.406952142715454
2024-12-24 01:52:07,2024-12-24 01:52:09,user_intermedio_1,codigo,Ejecución de script simple,"{""demanda_predicha"": 1.3143941164016724, ""longitud"": 26, ""tipo"": ""simple""}",1.3143941164016724,encolada,0.6439416408538818,2.404597759246826
2024-12-24 01:52:08,2024-12-24 01:52:13,user_avanzado_3,compleja,Análisis avanzado de datos,"{""demanda_predicha"": 3.2124698162078857, ""longitud"": 26, ""tipo"": ""compleja""}",3.2124698162078857,encolada,1.5810682773590088,4.811903476715088
2024-12-24 01:52:08,2024-12-24 01:52:13,user_avanzado_1,compleja,Análisis avanzado de datos,"{""demanda_predicha"": 3.2124698162078857, ""longitud"": 26, ""tipo"": ""compleja""}",3.2124698162078857,encolada,1.6881301403045654,4.7168967723846436
2024-12-24 01:52:12,2024-12-24 01:52:15,user_intermedio_3,simple,Consulta sobre mi plan,"{""demanda_predicha"": 1.3210086822509766, ""longitud"": 22, ""tipo"": ""simple""}",1.3210086822509766,encolada,0.6497783660888672,2.842127799987793
2024-12-24 01:52:12,2024-12-24 01:52:15,user_basico_3,simple,Información de contacto,"{""demanda_predicha"": 1.3193550109863281, ""longitud"": 23, ""tipo"": ""simple""}",1.3193550109863281,encolada,0.6163969039916992,2.7927730083465576
2024-12-24 01:52:16,2024-12-24 01:52:18,user_intermedio_3,simple,Consulta sobre mi plan,"{""demanda_predicha"": 1.3210086822509766, ""longitud"": 22, ""tipo"": ""simple""}",1.3210086822509766,encolada,0.5559213161468506,2.300575017929077
2024-12-24 01:52:14,2024-12-24 01:52:19,user_avanzado_1,codigo,Depuración de código,"{""demanda_predicha"": 4.321068286895752, ""longitud"": 20, ""tipo"": ""codigo""}",4.321068286895752,encolada,2.1289825439453125,5.46541690826416
2024-12-24 01:52:14,2024-12-24 01:52:20,user_avanzado_2,codigo,Depuración de código,"{""demanda_predicha"": 4.321068286895752, ""longitud"": 20, ""tipo"": ""codigo""}",4.321068286895752,encolada,2.325295925140381,5.5608813762664795
2024-12-24 01:52:18,2024-12-24 01:52:21,user_basico_2,simple,Información de contacto,"{""demanda_predicha"": 1.3193550109863281, ""longitud"": 23, ""tipo"": ""simple""}",1.3193550109863281,encolada,0.6530618667602539,2.9184727668762207
2024-12-24 01:52:20,2024-12-24 01:52:23,user_avanzado_2,codigo,Integración de API avanzada,"{""demanda_predicha"": 1.312740445137024, ""longitud"": 27, ""tipo"": ""simple""}",1.312740445137024,encolada,0.7803564071655273,2.4682230949401855
2024-12-24 01:52:21,2024-12-24 01:52:23,user_avanzado_2,compleja,Predicciones de mercado,"{""demanda_predicha"": 1.3193550109863281, ""longitud"": 23, ""tipo"": ""simple""}",1.3193550109863281,encolada,0.670663595199585,2.4077889919281006
2024-12-24 01:52:21,2024-12-24 01:52:23,user_intermedio_2,codigo,Ejecución de script simple,"{""demanda_predicha"": 1.3143941164016724, ""longitud"": 26, ""tipo"": ""simple""}",1.3143941164016724,encolada,0.6764912605285645,2.3763999938964844
2024-12-24 01:52:24,2024-12-24 01:52:27,user_avanzado_3,codigo,Integración de API avanzada,"{""demanda_predicha"": 1.312740445137024, ""longitud"": 27, ""tipo"": ""simple""}",1.312740445137024,encolada,0.7658200263977051,2.531416416168213
2024-12-24 01:52:25,2024-12-24 01:52:27,user_basico_1,simple,Consulta general,"{""demanda_predicha"": 1.3309229612350464, ""longitud"": 16, ""tipo"": ""simple""}",1.3309229612350464,encolada,0.6604053974151611,2.2513322830200195
2024-12-24 01:52:25,2024-12-24 01:52:27,user_intermedio_1,compleja,Informe de uso del último mes,"{""demanda_predicha"": 1.3097200393676758, ""longitud"": 29, ""tipo"": ""simple""}",1.3097200393676758,encolada,0.8178198337554932,2.7470314502716064
2024-12-24 01:52:23,2024-12-24 01:52:28,user_avanzado_1,compleja,Análisis avanzado de datos,"{""demanda_predicha"": 3.2124698162078857, ""longitud"": 26, ""tipo"": ""compleja""}",3.2124698162078857,encolada,1.5867319107055664,4.166208744049072
2024-12-24 01:52:28,2024-12-24 01:52:30,user_avanzado_2,compleja,Informe de rendimiento personalizado,"{""demanda_predicha"": 1.3128812313079834, ""longitud"": 36, ""tipo"": ""simple""}",1.3128812313079834,encolada,0.6965734958648682,2.5950331687927246
2024-12-24 01:52:29,2024-12-24 01:52:32,user_basico_3,simple,Duda sobre el servicio,"{""demanda_predicha"": 1.3210086822509766, ""longitud"": 22, ""tipo"": ""simple""}",1.3210086822509766,encolada,0.6260995864868164,2.400219440460205
2024-12-24 01:52:30,2024-12-24 01:52:33,user_intermedio_3,simple,Cambiar mi suscripción,"{""demanda_predicha"": 1.3210086822509766, ""longitud"": 22, ""tipo"": ""simple""}",1.3210086822509766,encolada,0.7312850952148438,2.5219061374664307
2024-12-24 01:52:31,2024-12-24 01:52:34,user_avanzado_3,compleja,Optimización de modelo de ML,"{""demanda_predicha"": 1.311086893081665, ""longitud"": 28, ""tipo"": ""simple""}",1.311086893081665,encolada,0.6541049480438232,2.512573480606079
2024-12-24 01:52:29,2024-12-24 01:52:35,user_avanzado_2,codigo,Ejecución de código Python complejo,"{""demanda_predicha"": 4.088248252868652, ""longitud"": 35, ""tipo"": ""codigo""}",4.088248252868652,encolada,2.301807403564453,6.102975368499756
2024-12-24 01:52:35,2024-12-24 01:52:37,user_intermedio_3,simple,Consulta sobre mi plan,"{""demanda_predicha"": 1.3210086822509766, ""longitud"": 22, ""tipo"": ""simple""}",1.3210086822509766,encolada,0.641709566116333,2.3174235820770264
2024-12-24 01:52:35,2024-12-24 01:52:37,user_basico_3,simple,Consulta general,"{""demanda_predicha"": 1.3309229612350464, ""longitud"": 16, ""tipo"": ""simple""}",1.3309229612350464,encolada,0.7281112670898438,2.709958076477051
2024-12-24 01:52:36,2024-12-24 01:52:39,user_avanzado_1,codigo,Integración de API avanzada,"{""demanda_predicha"": 1.312740445137024, ""longitud"": 27, ""tipo"": ""simple""}",1.312740445137024,encolada,0.7516725063323975,2.515031099319458
2024-12-24 01:52:35,2024-12-24 01:52:39,user_avanzado_1,compleja,Análisis avanzado de datos,"{""demanda_predicha"": 3.2124698162078857, ""longitud"": 26, ""tipo"": ""compleja""}",3.2124698162078857,encolada,1.7117846012115479,4.417303085327148
2024-12-24 01:52:39,2024-12-24 01:52:41,user_intermedio_1,codigo,Ejecución de script simple,"{""demanda_predicha"": 1.3143941164016724, ""longitud"": 26, ""tipo"": ""simple""}",1.3143941164016724,encolada,0.6171913146972656,2.7877209186553955
2024-12-24 01:52:40,2024-12-24 01:52:43,user_avanzado_3,codigo,Integración de API avanzada,"{""demanda_predicha"": 1.312740445137024, ""longitud"": 27, ""tipo"": ""simple""}",1.312740445137024,encolada,0.7507712841033936,2.901221752166748
2024-12-24 01:52:41,2024-12-24 01:52:43,user_avanzado_1,compleja,Informe de rendimiento personalizado,"{""demanda_predicha"": 1.3128812313079834, ""longitud"": 36, ""tipo"": ""simple""}",1.3128812313079834,encolada,0.6861324310302734,2.430589199066162
2024-12-24 01:52:42,2024-12-24 01:52:45,user_basico_3,simple,Consulta general,"{""demanda_predicha"": 1.3309229612350464, ""longitud"": 16, ""tipo"": ""simple""}",1.3309229612350464,encolada,0.4786722660064697,2.511495590209961
2024-12-24 01:52:44,2024-12-24 01:52:47,user_avanzado_3,compleja,Informe de rendimiento personalizado,"{""demanda_predicha"": 1.3128812313079834, ""longitud"": 36, ""tipo"": ""simple""}",1.3128812313079834,encolada,0.7340385913848877,2.491476058959961
2024-12-24 01:52:43,2024-12-24 01:52:47,user_intermedio_1,compleja,Análisis de datos de mi cuenta,"{""demanda_predicha"": 3.2025277614593506, ""longitud"": 30, ""tipo"": ""compleja""}",3.2025277614593506,encolada,1.6517748832702637,4.337563753128052
2024-12-24 01:52:44,2024-12-24 01:52:48,user_avanzado_1,codigo,Automatización de tareas con scripts,"{""demanda_predicha"": 1.3128812313079834, ""longitud"": 36, ""tipo"": ""simple""}",1.3128812313079834,encolada,0.9283215999603271,3.2779483795166016
2024-12-24 01:52:48,2024-12-24 01:52:50,user_basico_1,simple,Consulta general,"{""demanda_predicha"": 1.3309229612350464, ""longitud"": 16, ""tipo"": ""simple""}",1.3309229612350464,encolada,0.6949028968811035,2.3733935356140137
2024-12-24 01:52:48,2024-12-24 01:52:51,user_avanzado_3,compleja,Predicciones de mercado,"{""demanda_predicha"": 1.3193550109863281, ""longitud"": 23, ""tipo"": ""simple""}",1.3193550109863281,encolada,0.676846981048584,2.901540994644165
2024-12-24 01:52:50,2024-12-24 01:52:53,user_intermedio_3,compleja,Solicitud de integración con API,"{""demanda_predicha"": 1.3107144832611084, ""longitud"": 32, ""tipo"": ""simple""}",1.3107144832611084,encolada,0.7736585140228271,2.7665414810180664
2024-12-24 01:52:49,2024-12-24 01:52:54,user_avanzado_2,compleja,Análisis avanzado de datos,"{""demanda_predicha"": 3.2124698162078857, ""longitud"": 26, ""tipo"": ""compleja""}",3.2124698162078857,encolada,1.53739595413208,4.680141925811768
2024-12-24 01:52:51,2024-12-24 01:52:55,user_avanzado_2,compleja,Análisis avanzado de datos,"{""demanda_predicha"": 3.2124698162078857, ""longitud"": 26, ""tipo"": ""compleja""}",3.2124698162078857,encolada,1.6288769245147705,4.134556293487549
2024-12-24 01:52:53,2024-12-24 01:52:56,user_basico_3,simple,Consulta general,"{""demanda_predicha"": 1.3309229612350464, ""longitud"": 16, ""tipo"": ""simple""}",1.3309229612350464,encolada,0.6382954120635986,2.2602834701538086
2024-12-24 01:52:54,2024-12-24 01:52:57,user_avanzado_1,codigo,Automatización de tareas con scripts,"{""demanda_predicha"": 1.3128812313079834, ""longitud"": 36, ""tipo"": ""simple""}",1.3128812313079834,encolada,0.9092457294464111,2.6577367782592773
2024-12-24 01:52:55,2024-12-24 01:52:57,user_intermedio_3,simple,Consulta sobre mi plan,"{""demanda_predicha"": 1.3210086822509766, ""longitud"": 22, ""tipo"": ""simple""}",1.3210086822509766,encolada,0.6784305572509766,2.397047758102417
2024-12-24 01:52:56,2024-12-24 01:52:58,user_avanzado_3,compleja,Optimización de modelo de ML,"{""demanda_predicha"": 1.311086893081665, ""longitud"": 28, ""tipo"": ""simple""}",1.311086893081665,encolada,0.5948154926300049,2.3600847721099854
2024-12-24 01:52:58,2024-12-24 01:53:01,user_intermedio_1,simple,Duda sobre la factura,"{""demanda_predicha"": 1.322662353515625, ""longitud"": 21, ""tipo"": ""simple""}",1.322662353515625,encolada,0.5769340991973877,2.25588321685791
2024-12-24 01:52:59,2024-12-24 01:53:01,user_avanzado_2,compleja,Optimización de modelo de ML,"{""demanda_predicha"": 1.311086893081665, ""longitud"": 28, ""tipo"": ""simple""}",1.311086893081665,encolada,0.7057430744171143,2.519094228744507
2024-12-24 01:53:00,2024-12-24 01:53:02,user_basico_3,simple,Duda sobre el servicio,"{""demanda_predicha"": 1.3210086822509766, ""longitud"": 22, ""tipo"": ""simple""}",1.3210086822509766,encolada,0.7724213600158691,2.537245273590088
2024-12-24 01:52:58,2024-12-24 01:53:04,user_avanzado_2,codigo,Ejecución de código Python complejo,"{""demanda_predicha"": 4.088248252868652, ""longitud"": 35, ""tipo"": ""codigo""}",4.088248252868652,encolada,2.4644765853881836,5.919042348861694
2024-12-24 01:53:02,2024-12-24 01:53:05,user_intermedio_2,simple,Consulta sobre mi plan,"{""demanda_predicha"": 1.3210086822509766, ""longitud"": 22, ""tipo"": ""simple""}",1.3210086822509766,encolada,0.7320475578308105,2.963824510574341
2024-12-24 01:53:03,2024-12-24 01:53:05,user_avanzado_3,codigo,Integración de API avanzada,"{""demanda_predicha"": 1.312740445137024, ""longitud"": 27, ""tipo"": ""simple""}",1.312740445137024,encolada,0.7615456581115723,2.4369089603424072
2024-12-24 01:53:05,2024-12-24 01:53:08,user_basico_3,simple,Duda sobre el servicio,"{""demanda_predicha"": 1.3210086822509766, ""longitud"": 22, ""tipo"": ""simple""}",1.3210086822509766,encolada,0.6499700546264648,2.4608445167541504
2024-12-24 01:53:05,2024-12-24 01:53:08,user_avanzado_2,compleja,Optimización de modelo de ML,"{""demanda_predicha"": 1.311086893081665, ""longitud"": 28, ""tipo"": ""simple""}",1.311086893081665,encolada,0.7900466918945312,2.5832345485687256
2024-12-24 01:53:06,2024-12-24 01:53:09,user_avanzado_2,compleja,Optimización de modelo de ML,"{""demanda_predicha"": 1.311086893081665, ""longitud"": 28, ""tipo"": ""simple""}",1.311086893081665,encolada,0.7812139987945557,2.5394585132598877
2024-12-24 01:53:07,2024-12-24 01:53:10,user_intermedio_3,compleja,Solicitud de integración con API,"{""demanda_predicha"": 1.3107144832611084, ""longitud"": 32, ""tipo"": ""simple""}",1.3107144832611084,encolada,0.7620797157287598,2.5252716541290283
2024-12-24 01:53:11,2024-12-24 01:53:13,user_basico_1,simple,Información de contacto,"{""demanda_predicha"": 1.3193550109863281, ""longitud"": 23, ""tipo"": ""simple""}",1.3193550109863281,encolada,0.6273376941680908,2.4002442359924316
2024-12-24 01:53:11,2024-12-24 01:53:14,user_intermedio_3,simple,Duda sobre la factura,"{""demanda_predicha"": 1.322662353515625, ""longitud"": 21, ""tipo"": ""simple""}",1.322662353515625,encolada,0.7058582305908203,2.812182664871216
2024-12-24 01:53:09,2024-12-24 01:53:15,user_avanzado_1,codigo,Depuración de código,"{""demanda_predicha"": 4.321068286895752, ""longitud"": 20, ""tipo"": ""codigo""}",4.321068286895752,encolada,2.143599271774292,5.979038715362549
2024-12-24 01:53:10,2024-12-24 01:53:16,user_avanzado_1,codigo,Depuración de código,"{""demanda_predicha"": 4.321068286895752, ""longitud"": 20, ""tipo"": ""codigo""}",4.321068286895752,encolada,2.3165595531463623,5.5504069328308105
2024-12-24 01:53:16,2024-12-24 01:53:19,user_avanzado_2,compleja,Informe de rendimiento personalizado,"{""demanda_predicha"": 1.3128812313079834, ""longitud"": 36, ""tipo"": ""simple""}",1.3128812313079834,encolada,0.890432596206665,2.9444146156311035
2024-12-24 01:53:17,2024-12-24 01:53:19,user_intermedio_2,codigo,Ejecución de script simple,"{""demanda_predicha"": 1.3143941164016724, ""longitud"": 26, ""tipo"": ""simple""}",1.3143941164016724,encolada,0.7450656890869141,2.4456968307495117
2024-12-24 01:53:18,2024-12-24 01:53:21,user_basico_3,simple,Consulta general,"{""demanda_predicha"": 1.3309229612350464, ""longitud"": 16, ""tipo"": ""simple""}",1.3309229612350464,encolada,0.727027416229248,2.930614471435547
2024-12-24 01:53:16,2024-12-24 01:53:22,user_avanzado_2,codigo,Ejecución de código Python complejo,"{""demanda_predicha"": 4.088248252868652, ""longitud"": 35, ""tipo"": ""codigo""}",4.088248252868652,encolada,2.4344980716705322,6.395511865615845
2024-12-24 01:53:20,2024-12-24 01:53:23,user_avanzado_3,codigo,Automatización de tareas con scripts,"{""demanda_predicha"": 1.3128812313079834, ""longitud"": 36, ""tipo"": ""simple""}",1.3128812313079834,encolada,0.7981255054473877,2.6373603343963623
2024-12-24 01:53:20,2024-12-24 01:53:23,user_intermedio_1,simple,Consulta sobre mi plan,"{""demanda_predicha"": 1.3210086822509766, ""longitud"": 22, ""tipo"": ""simple""}",1.3210086822509766,encolada,0.5651752948760986,2.9057257175445557
2024-12-24 01:53:25,2024-12-24 01:53:27,user_basico_2,simple,Duda sobre el servicio,"{""demanda_predicha"": 1.3210086822509766, ""longitud"": 22, ""tipo"": ""simple""}",1.3210086822509766,encolada,0.6797776222229004,2.5323188304901123
2024-12-24 01:53:25,2024-12-24 01:53:28,user_intermedio_2,simple,Consulta sobre mi plan,"{""demanda_predicha"": 1.3210086822509766, ""longitud"": 22, ""tipo"": ""simple""}",1.3210086822509766,encolada,0.6228892803192139,2.2993075847625732
2024-12-24 01:53:24,2024-12-24 01:53:28,user_avanzado_3,compleja,Análisis avanzado de datos,"{""demanda_predicha"": 3.2124698162078857, ""longitud"": 26, ""tipo"": ""compleja""}",3.2124698162078857,encolada,1.6672334671020508,4.337666988372803
2024-12-24 01:53:24,2024-12-24 01:53:29,user_avanzado_2,codigo,Depuración de código,"{""demanda_predicha"": 4.321068286895752, ""longitud"": 20, ""tipo"": ""codigo""}",4.321068286895752,encolada,2.175065040588379,5.442790985107422
2024-12-24 01:53:29,2024-12-24 01:53:32,user_avanzado_2,codigo,Integración de API avanzada,"{""demanda_predicha"": 1.312740445137024, ""longitud"": 27, ""tipo"": ""simple""}",1.312740445137024,encolada,0.6681115627288818,2.445021629333496
2024-12-24 01:53:29,2024-12-24 01:53:32,user_intermedio_1,simple,Consulta sobre mi plan,"{""demanda_predicha"": 1.3210086822509766, ""longitud"": 22, ""tipo"": ""simple""}",1.3210086822509766,encolada,0.6938869953155518,2.402994155883789
2024-12-24 01:53:30,2024-12-24 01:53:33,user_avanzado_2,compleja,Predicciones de mercado,"{""demanda_predicha"": 1.3193550109863281, ""longitud"": 23, ""tipo"": ""simple""}",1.3193550109863281,encolada,0.791234016418457,2.6215713024139404
2024-12-24 01:53:32,2024-12-24 01:53:34,user_basico_3,simple,Duda sobre el servicio,"{""demanda_predicha"": 1.3210086822509766, ""longitud"": 22, ""tipo"": ""simple""}",1.3210086822509766,encolada,0.5488648414611816,2.227482795715332
2024-12-24 01:53:34,2024-12-24 01:53:37,user_avanzado_2,compleja,Informe de rendimiento personalizado,"{""demanda_predicha"": 1.3128812313079834, ""longitud"": 36, ""tipo"": ""simple""}",1.3128812313079834,encolada,0.7775657176971436,2.5942111015319824
2024-12-24 01:53:34,2024-12-24 01:53:37,user_intermedio_3,codigo,Ejecución de script simple,"{""demanda_predicha"": 1.3143941164016724, ""longitud"": 26, ""tipo"": ""simple""}",1.3143941164016724,encolada,0.6517195701599121,2.935335159301758
2024-12-24 01:53:33,2024-12-24 01:53:38,user_avanzado_1,codigo,Depuración de código,"{""demanda_predicha"": 4.321068286895752, ""longitud"": 20, ""tipo"": ""codigo""}",4.321068286895752,encolada,2.273265838623047,5.530383348464966
2024-12-24 01:53:37,2024-12-24 01:53:40,user_basico_3,simple,Consulta general,"{""demanda_predicha"": 1.3309229612350464, ""longitud"": 16, ""tipo"": ""simple""}",1.3309229612350464,encolada,0.685352087020874,2.7806122303009033
2024-12-24 01:53:38,2024-12-24 01:53:41,user_intermedio_1,codigo,Ejecución de script simple,"{""demanda_predicha"": 1.3143941164016724, ""longitud"": 26, ""tipo"": ""simple""}",1.3143941164016724,encolada,0.7799711227416992,2.5703482627868652
2024-12-24 01:53:38,2024-12-24 01:53:42,user_avanzado_2,compleja,Análisis avanzado de datos,"{""demanda_predicha"": 3.2124698162078857, ""longitud"": 26, ""tipo"": ""compleja""}",3.2124698162078857,encolada,1.6337862014770508,4.295215129852295
2024-12-24 01:53:43,2024-12-24 01:53:45,user_intermedio_1,simple,Duda sobre la factura,"{""demanda_predicha"": 1.322662353515625, ""longitud"": 21, ""tipo"": ""simple""}",1.322662353515625,encolada,0.7381095886230469,2.468348979949951
2024-12-24 01:53:40,2024-12-24 01:53:45,user_avanzado_1,codigo,Depuración de código,"{""demanda_predicha"": 4.321068286895752, ""longitud"": 20, ""tipo"": ""codigo""}",4.321068286895752,encolada,2.383443593978882,5.690645933151245
2024-12-24 01:53:43,2024-12-24 01:53:46,user_avanzado_1,compleja,Optimización de modelo de ML,"{""demanda_predicha"": 1.311086893081665, ""longitud"": 28, ""tipo"": ""simple""}",1.311086893081665,encolada,0.952073335647583,3.415024518966675
2024-12-24 01:53:44,2024-12-24 01:53:47,user_basico_2,simple,Información de contacto,"{""demanda_predicha"": 1.3193550109863281, ""longitud"": 23, ""tipo"": ""simple""}",1.3193550109863281,encolada,0.7566320896148682,3.0586729049682617
2024-12-24 01:53:46,2024-12-24 01:53:49,user_intermedio_2,simple,Cambiar mi suscripción,"{""demanda_predicha"": 1.3210086822509766, ""longitud"": 22, ""tipo"": ""simple""}",1.3210086822509766,encolada,0.7684087753295898,2.5532352924346924
2024-12-24 01:53:46,2024-12-24 01:53:49,user_avanzado_2,codigo,Automatización de tareas con scripts,"{""demanda_predicha"": 1.3128812313079834, ""longitud"": 36, ""tipo"": ""simple""}",1.3128812313079834,encolada,0.7403924465179443,3.219802141189575
2024-12-24 01:53:47,2024-12-24 01:53:50,user_avanzado_2,compleja,Informe de rendimiento personalizado,"{""demanda_predicha"": 1.3128812313079834, ""longitud"": 36, ""tipo"": ""simple""}",1.3128812313079834,encolada,0.8329577445983887,3.1471173763275146
2024-12-24 01:53:50,2024-12-24 01:53:53,user_intermedio_2,compleja,Solicitud de integración con API,"{""demanda_predicha"": 1.3107144832611084, ""longitud"": 32, ""tipo"": ""simple""}",1.3107144832611084,encolada,0.7905359268188477,2.6663012504577637
2024-12-24 01:53:51,2024-12-24 01:53:54,user_avanzado_1,compleja,Optimización de modelo de ML,"{""demanda_predicha"": 1.311086893081665, ""longitud"": 28, ""tipo"": ""simple""}",1.311086893081665,encolada,0.7563142776489258,3.0908074378967285
2024-12-24 01:53:52,2024-12-24 01:53:54,user_basico_3,simple,Duda sobre el servicio,"{""demanda_predicha"": 1.3210086822509766, ""longitud"": 22, ""tipo"": ""simple""}",1.3210086822509766,encolada,0.6429977416992188,2.284982204437256
2024-12-24 01:53:52,2024-12-24 01:53:56,user_avanzado_2,compleja,Análisis avanzado de datos,"{""demanda_predicha"": 3.2124698162078857, ""longitud"": 26, ""tipo"": ""compleja""}",3.2124698162078857,encolada,1.6561484336853027,4.3648681640625
2024-12-24 01:53:54,2024-12-24 01:53:57,user_intermedio_3,simple,Consulta sobre mi plan,"{""demanda_predicha"": 1.3210086822509766, ""longitud"": 22, ""tipo"": ""simple""}",1.3210086822509766,encolada,0.633558988571167,2.9789302349090576
2024-12-24 01:53:57,2024-12-24 01:54:00,user_avanzado_3,compleja,Optimización de modelo de ML,"{""demanda_predicha"": 1.311086893081665, ""longitud"": 28, ""tipo"": ""simple""}",1.311086893081665,encolada,0.7797586917877197,2.6286985874176025
2024-12-24 01:53:58,2024-12-24 01:54:00,user_basico_3,simple,Información de contacto,"{""demanda_predicha"": 1.3193550109863281, ""longitud"": 23, ""tipo"": ""simple""}",1.3193550109863281,encolada,0.6029675006866455,2.4513907432556152
2024-12-24 01:53:55,2024-12-24 01:54:00,user_avanzado_3,codigo,Depuración de código,"{""demanda_predicha"": 4.321068286895752, ""longitud"": 20, ""tipo"": ""codigo""}",4.321068286895752,encolada,2.292850971221924,5.670286417007446
2024-12-24 01:53:59,2024-12-24 01:54:02,user_intermedio_3,simple,Cambiar mi suscripción,"{""demanda_predicha"": 1.3210086822509766, ""longitud"": 22, ""tipo"": ""simple""}",1.3210086822509766,encolada,0.725083589553833,2.9724159240722656
2024-12-24 01:54:01,2024-12-24 01:54:04,user_avanzado_3,compleja,Predicciones de mercado,"{""demanda_predicha"": 1.3193550109863281, ""longitud"": 23, ""tipo"": ""simple""}",1.3193550109863281,encolada,0.7581195831298828,2.4953901767730713
2024-12-24 01:54:03,2024-12-24 01:54:05,user_basico_2,simple,Información de contacto,"{""demanda_predicha"": 1.3193550109863281, ""longitud"": 23, ""tipo"": ""simple""}",1.3193550109863281,encolada,0.6277139186859131,2.3819823265075684
2024-12-24 01:54:02,2024-12-24 01:54:06,user_avanzado_1,compleja,Análisis avanzado de datos,"{""demanda_predicha"": 3.2124698162078857, ""longitud"": 26, ""tipo"": ""compleja""}",3.2124698162078857,encolada,1.474897861480713,4.664576292037964
2024-12-24 01:54:07,2024-12-24 01:54:10,user_avanzado_1,compleja,Predicciones de mercado,"{""demanda_predicha"": 1.3193550109863281, ""longitud"": 23, ""tipo"": ""simple""}",1.3193550109863281,encolada,0.6468801498413086,2.3785035610198975
2024-12-24 01:54:05,2024-12-24 01:54:10,user_intermedio_3,compleja,Análisis de datos de mi cuenta,"{""demanda_predicha"": 3.2025277614593506, ""longitud"": 30, ""tipo"": ""compleja""}",3.2025277614593506,encolada,1.6135175228118896,4.806861400604248
2024-12-24 01:54:05,2024-12-24 01:54:10,user_avanzado_1,codigo,Ejecución de código Python complejo,"{""demanda_predicha"": 4.088248252868652, ""longitud"": 35, ""tipo"": ""codigo""}",4.088248252868652,encolada,2.33907151222229,5.7239344120025635
2024-12-24 01:54:08,2024-12-24 01:54:11,user_basico_3,simple,Información de contacto,"{""demanda_predicha"": 1.3193550109863281, ""longitud"": 23, ""tipo"": ""simple""}",1.3193550109863281,encolada,0.6879186630249023,2.994835138320923
2024-12-24 01:54:11,2024-12-24 01:54:14,user_avanzado_1,compleja,Predicciones de mercado,"{""demanda_predicha"": 1.3193550109863281, ""longitud"": 23, ""tipo"": ""simple""}",1.3193550109863281,encolada,0.6075141429901123,2.524728775024414
2024-12-24 01:54:11,2024-12-24 01:54:14,user_intermedio_2,simple,Consulta sobre mi plan,"{""demanda_predicha"": 1.3210086822509766, ""longitud"": 22, ""tipo"": ""simple""}",1.3210086822509766,encolada,0.7676198482513428,2.4472720623016357
2024-12-24 01:54:11,2024-12-24 01:54:16,user_avanzado_3,compleja,Análisis avanzado de datos,"{""demanda_predicha"": 3.2124698162078857, ""longitud"": 26, ""tipo"": ""compleja""}",3.2124698162078857,encolada,1.5796246528625488,4.733416795730591
2024-12-24 01:54:13,2024-12-24 01:54:17,user_basico_2,simple,Duda sobre el servicio,"{""demanda_predicha"": 1.3210086822509766, ""longitud"": 22, ""tipo"": ""simple""}",1.3210086822509766,encolada,0.7428550720214844,3.0262277126312256
2024-12-24 01:54:14,2024-12-24 01:54:17,user_avanzado_3,compleja,Optimización de modelo de ML,"{""demanda_predicha"": 1.311086893081665, ""longitud"": 28, ""tipo"": ""simple""}",1.311086893081665,encolada,0.8261361122131348,2.592709541320801
2024-12-24 01:54:16,2024-12-24 01:54:19,user_intermedio_3,simple,Duda sobre la factura,"{""demanda_predicha"": 1.322662353515625, ""longitud"": 21, ""tipo"": ""simple""}",1.322662353515625,encolada,0.8456387519836426,2.623082399368286
2024-12-24 01:54:17,2024-12-24 01:54:20,user_avanzado_1,codigo,Automatización de tareas con scripts,"{""demanda_predicha"": 1.3128812313079834, ""longitud"": 36, ""tipo"": ""simple""}",1.3128812313079834,encolada,0.7459771633148193,2.5512006282806396
2024-12-24 01:54:17,2024-12-24 01:54:21,user_avanzado_3,compleja,Análisis avanzado de datos,"{""demanda_predicha"": 3.2124698162078857, ""longitud"": 26, ""tipo"": ""compleja""}",3.2124698162078857,encolada,1.6215622425079346,4.292176723480225
2024-12-24 01:54:21,2024-12-24 01:54:23,user_basico_1,simple,Información de contacto,"{""demanda_predicha"": 1.3193550109863281, ""longitud"": 23, ""tipo"": ""simple""}",1.3193550109863281,encolada,0.7952604293823242,2.450382709503174
2024-12-24 01:54:20,2024-12-24 01:54:25,user_avanzado_1,compleja,Análisis avanzado de datos,"{""demanda_predicha"": 3.2124698162078857, ""longitud"": 26, ""tipo"": ""compleja""}",3.2124698162078857,encolada,1.713388204574585,4.822852611541748
2024-12-24 01:54:21,2024-12-24 01:54:26,user_intermedio_1,compleja,Análisis de datos de mi cuenta,"{""demanda_predicha"": 3.2025277614593506, ""longitud"": 30, ""tipo"": ""compleja""}",3.2025277614593506,encolada,1.6346306800842285,4.864353179931641
2024-12-24 01:54:22,2024-12-24 01:54:26,user_avanzado_2,compleja,Análisis avanzado de datos,"{""demanda_predicha"": 3.2124698162078857, ""longitud"": 26, ""tipo"": ""compleja""}",3.2124698162078857,encolada,1.6503441333770752,4.3872692584991455
2024-12-24 01:54:25,2024-12-24 01:54:28,user_basico_2,simple,Duda sobre el servicio,"{""demanda_predicha"": 1.3210086822509766, ""longitud"": 22, ""tipo"": ""simple""}",1.3210086822509766,encolada,0.6440255641937256,2.8180971145629883
2024-12-24 01:54:27,2024-12-24 01:54:30,user_avanzado_2,compleja,Predicciones de mercado,"{""demanda_predicha"": 1.3193550109863281, ""longitud"": 23, ""tipo"": ""simple""}",1.3193550109863281,encolada,0.6347272396087646,2.399791955947876
2024-12-24 01:54:28,2024-12-24 01:54:31,user_intermedio_2,compleja,Solicitud de integración con API,"{""demanda_predicha"": 1.3107144832611084, ""longitud"": 32, ""tipo"": ""simple""}",1.3107144832611084,encolada,0.6876735687255859,2.5329012870788574
2024-12-24 01:54:26,2024-12-24 01:54:31,user_avanzado_2,compleja,Análisis avanzado de datos,"{""demanda_predicha"": 3.2124698162078857, ""longitud"": 26, ""tipo"": ""compleja""}",3.2124698162078857,encolada,1.5834143161773682,4.352272272109985
2024-12-24 01:54:32,2024-12-24 01:54:35,user_avanzado_2,codigo,Automatización de tareas con scripts,"{""demanda_predicha"": 1.3128812313079834, ""longitud"": 36, ""tipo"": ""simple""}",1.3128812313079834,encolada,0.6842591762542725,3.0566861629486084
2024-12-24 01:54:33,2024-12-24 01:54:35,user_intermedio_3,simple,Cambiar mi suscripción,"{""demanda_predicha"": 1.3210086822509766, ""longitud"": 22, ""tipo"": ""simple""}",1.3210086822509766,encolada,0.683887243270874,2.497361183166504
2024-12-24 01:54:33,2024-12-24 01:54:35,user_basico_1,simple,Duda sobre el servicio,"{""demanda_predicha"": 1.3210086822509766, ""longitud"": 22, ""tipo"": ""simple""}",1.3210086822509766,encolada,0.7191307544708252,2.4182002544403076
2024-12-24 01:54:31,2024-12-24 01:54:37,user_avanzado_2,codigo,Depuración de código,"{""demanda_predicha"": 4.321068286895752, ""longitud"": 20, ""tipo"": ""codigo""}",4.321068286895752,encolada,2.2139198780059814,5.539772272109985
2024-12-24 01:54:36,2024-12-24 01:54:39,user_intermedio_1,compleja,Solicitud de integración con API,"{""demanda_predicha"": 1.3107144832611084, ""longitud"": 32, ""tipo"": ""simple""}",1.3107144832611084,encolada,0.8489987850189209,2.5986244678497314
2024-12-24 01:54:36,2024-12-24 01:54:41,user_avanzado_2,codigo,Ejecución de código Python complejo,"{""demanda_predicha"": 4.088248252868652, ""longitud"": 35, ""tipo"": ""codigo""}",4.088248252868652,encolada,2.3465726375579834,5.696515798568726
2024-12-24 01:54:40,2024-12-24 01:54:42,user_basico_2,simple,Consulta general,"{""demanda_predicha"": 1.3309229612350464, ""longitud"": 16, ""tipo"": ""simple""}",1.3309229612350464,encolada,0.5751607418060303,2.355881452560425
2024-12-24 01:54:38,2024-12-24 01:54:43,user_avanzado_2,codigo,Depuración de código,"{""demanda_predicha"": 4.321068286895752, ""longitud"": 20, ""tipo"": ""codigo""}",4.321068286895752,encolada,2.2829105854034424,5.544541597366333
2024-12-24 01:54:42,2024-12-24 01:54:44,user_intermedio_3,simple,Duda sobre la factura,"{""demanda_predicha"": 1.322662353515625, ""longitud"": 21, ""tipo"": ""simple""}",1.322662353515625,encolada,0.729069709777832,2.3544623851776123
2024-12-24 01:54:42,2024-12-24 01:54:45,user_avanzado_3,codigo,Automatización de tareas con scripts,"{""demanda_predicha"": 1.3128812313079834, ""longitud"": 36, ""tipo"": ""simple""}",1.3128812313079834,encolada,1.0114598274230957,3.0092172622680664
2024-12-24 01:54:45,2024-12-24 01:54:47,user_intermedio_3,codigo,Prueba de API,"{""demanda_predicha"": 1.3355480432510376, ""longitud"": 13, ""tipo"": ""simple""}",1.3355480432510376,encolada,0.7157802581787109,2.329395294189453
2024-12-24 01:54:45,2024-12-24 01:54:48,user_basico_2,simple,Información de contacto,"{""demanda_predicha"": 1.3193550109863281, ""longitud"": 23, ""tipo"": ""simple""}",1.3193550109863281,encolada,0.6727073192596436,3.0050363540649414
2024-12-24 01:54:46,2024-12-24 01:54:49,user_avanzado_3,codigo,Automatización de tareas con scripts,"{""demanda_predicha"": 1.3128812313079834, ""longitud"": 36, ""tipo"": ""simple""}",1.3128812313079834,encolada,0.7461960315704346,2.594489812850952
2024-12-24 01:54:44,2024-12-24 01:54:50,user_avanzado_3,codigo,Depuración de código,"{""demanda_predicha"": 4.321068286895752, ""longitud"": 20, ""tipo"": ""codigo""}",4.321068286895752,encolada,2.179320812225342,6.047608852386475
2024-12-24 01:54:50,2024-12-24 01:54:53,user_intermedio_3,compleja,Solicitud de integración con API,"{""demanda_predicha"": 1.3107144832611084, ""longitud"": 32, ""tipo"": ""simple""}",1.3107144832611084,encolada,0.8028686046600342,3.192652702331543
2024-12-24 01:54:51,2024-12-24 01:54:53,user_basico_2,simple,Consulta general,"{""demanda_predicha"": 1.3309229612350464, ""longitud"": 16, ""tipo"": ""simple""}",1.3309229612350464,encolada,0.6248538494110107,2.2706961631774902
2024-12-24 01:54:50,2024-12-24 01:54:54,user_avanzado_3,compleja,Análisis avanzado de datos,"{""demanda_predicha"": 3.2124698162078857, ""longitud"": 26, ""tipo"": ""compleja""}",3.2124698162078857,encolada,1.5221641063690186,4.713001728057861
2024-12-24 01:54:51,2024-12-24 01:54:57,user_avanzado_1,codigo,Depuración de código,"{""demanda_predicha"": 4.321068286895752, ""longitud"": 20, ""tipo"": ""codigo""}",4.321068286895752,encolada,2.224813222885132,5.601318359375
2024-12-24 01:54:55,2024-12-24 01:54:58,user_intermedio_1,simple,Cambiar mi suscripción,"{""demanda_predicha"": 1.3210086822509766, ""longitud"": 22, ""tipo"": ""simple""}",1.3210086822509766,encolada,0.697357177734375,2.4622864723205566
2024-12-24 01:54:57,2024-12-24 01:54:59,user_basico_1,simple,Consulta general,"{""demanda_predicha"": 1.3309229612350464, ""longitud"": 16, ""tipo"": ""simple""}",1.3309229612350464,encolada,0.5764937400817871,2.8125081062316895
2024-12-24 01:54:55,2024-12-24 01:55:01,user_avanzado_2,codigo,Ejecución de código Python complejo,"{""demanda_predicha"": 4.088248252868652, ""longitud"": 35, ""tipo"": ""codigo""}",4.088248252868652,encolada,2.3244898319244385,5.7454164028167725
2024-12-24 01:55:00,2024-12-24 01:55:02,user_intermedio_2,simple,Duda sobre la factura,"{""demanda_predicha"": 1.322662353515625, ""longitud"": 21, ""tipo"": ""simple""}",1.322662353515625,encolada,0.686058759689331,2.4723076820373535
2024-12-24 01:54:58,2024-12-24 01:55:04,user_avanzado_3,codigo,Ejecución de código Python complejo,"{""demanda_predicha"": 4.088248252868652, ""longitud"": 35, ""tipo"": ""codigo""}",4.088248252868652,encolada,2.3558461666107178,5.78800892829895
2024-12-24 01:55:02,2024-12-24 01:55:05,user_basico_3,simple,Duda sobre el servicio,"{""demanda_predicha"": 1.3210086822509766, ""longitud"": 22, ""tipo"": ""simple""}",1.3210086822509766,encolada,0.6127963066101074,2.8803608417510986
2024-12-24 01:55:03,2024-12-24 01:55:06,user_intermedio_1,simple,Duda sobre la factura,"{""demanda_predicha"": 1.322662353515625, ""longitud"": 21, ""tipo"": ""simple""}",1.322662353515625,encolada,0.7264273166656494,2.906949281692505
2024-12-24 01:55:02,2024-12-24 01:55:06,user_avanzado_1,compleja,Análisis avanzado de datos,"{""demanda_predicha"": 3.2124698162078857, ""longitud"": 26, ""tipo"": ""compleja""}",3.2124698162078857,encolada,1.6177918910980225,4.170490264892578
2024-12-24 01:55:04,2024-12-24 01:55:07,user_avanzado_1,compleja,Predicciones de mercado,"{""demanda_predicha"": 1.3193550109863281, ""longitud"": 23, ""tipo"": ""simple""}",1.3193550109863281,encolada,0.7500920295715332,2.971860885620117
2024-12-24 01:55:07,2024-12-24 01:55:09,user_basico_1,simple,Consulta general,"{""demanda_predicha"": 1.3309229612350464, ""longitud"": 16, ""tipo"": ""simple""}",1.3309229612350464,encolada,0.5464770793914795,2.190365791320801
2024-12-24 01:55:08,2024-12-24 01:55:10,user_avanzado_2,codigo,Integración de API avanzada,"{""demanda_predicha"": 1.312740445137024, ""longitud"": 27, ""tipo"": ""simple""}",1.312740445137024,encolada,0.6511640548706055,2.306220531463623
2024-12-24 01:55:08,2024-12-24 01:55:10,user_avanzado_2,compleja,Optimización de modelo de ML,"{""demanda_predicha"": 1.311086893081665, ""longitud"": 28, ""tipo"": ""simple""}",1.311086893081665,encolada,0.7881472110748291,2.5772571563720703
2024-12-24 01:55:09,2024-12-24 01:55:12,user_intermedio_1,compleja,Informe de uso del último mes,"{""demanda_predicha"": 1.3097200393676758, ""longitud"": 29, ""tipo"": ""simple""}",1.3097200393676758,encolada,0.7674660682678223,2.6081342697143555
2024-12-24 01:55:11,2024-12-24 01:55:14,user_avanzado_2,compleja,Informe de rendimiento personalizado,"{""demanda_predicha"": 1.3128812313079834, ""longitud"": 36, ""tipo"": ""simple""}",1.3128812313079834,encolada,0.6950905323028564,2.5563414096832275
2024-12-24 01:55:13,2024-12-24 01:55:15,user_intermedio_2,codigo,Prueba de API,"{""demanda_predicha"": 1.3355480432510376, ""longitud"": 13, ""tipo"": ""simple""}",1.3355480432510376,encolada,0.5050532817840576,2.1454858779907227
2024-12-24 01:55:13,2024-12-24 01:55:16,user_basico_1,simple,Consulta general,"{""demanda_predicha"": 1.3309229612350464, ""longitud"": 16, ""tipo"": ""simple""}",1.3309229612350464,encolada,0.5877747535705566,2.195634603500366
2024-12-24 01:55:11,2024-12-24 01:55:17,user_avanzado_1,codigo,Ejecución de código Python complejo,"{""demanda_predicha"": 4.088248252868652, ""longitud"": 35, ""tipo"": ""codigo""}",4.088248252868652,encolada,2.373579740524292,6.142147064208984
2024-12-24 01:55:15,2024-12-24 01:55:17,user_avanzado_3,compleja,Predicciones de mercado,"{""demanda_predicha"": 1.3193550109863281, ""longitud"": 23, ""tipo"": ""simple""}",1.3193550109863281,encolada,0.5471076965332031,2.174797296524048
2024-12-24 01:55:17,2024-12-24 01:55:20,user_intermedio_3,compleja,Solicitud de integración con API,"{""demanda_predicha"": 1.3107144832611084, ""longitud"": 32, ""tipo"": ""simple""}",1.3107144832611084,encolada,0.794370174407959,2.5117273330688477
2024-12-24 01:55:18,2024-12-24 01:55:21,user_avanzado_1,compleja,Predicciones de mercado,"{""demanda_predicha"": 1.3193550109863281, ""longitud"": 23, ""tipo"": ""simple""}",1.3193550109863281,encolada,0.5739333629608154,2.2338311672210693
2024-12-24 01:55:19,2024-12-24 01:55:21,user_basico_1,simple,Consulta general,"{""demanda_predicha"": 1.3309229612350464, ""longitud"": 16, ""tipo"": ""simple""}",1.3309229612350464,encolada,0.5335299968719482,2.6208317279815674
2024-12-24 01:55:18,2024-12-24 01:55:22,user_avanzado_1,compleja,Informe de rendimiento personalizado,"{""demanda_predicha"": 1.3128812313079834, ""longitud"": 36, ""tipo"": ""simple""}",1.3128812313079834,encolada,0.8470771312713623,3.178839921951294
2024-12-24 01:55:22,2024-12-24 01:55:24,user_intermedio_2,simple,Consulta sobre mi plan,"{""demanda_predicha"": 1.3210086822509766, ""longitud"": 22, ""tipo"": ""simple""}",1.3210086822509766,encolada,0.620441198348999,2.698575496673584
2024-12-24 01:55:25,2024-12-24 01:55:27,user_basico_1,simple,Duda sobre el servicio,"{""demanda_predicha"": 1.3210086822509766, ""longitud"": 22, ""tipo"": ""simple""}",1.3210086822509766,encolada,0.540292501449585,2.287827968597412
2024-12-24 01:55:22,2024-12-24 01:55:28,user_avanzado_1,codigo,Depuración de código,"{""demanda_predicha"": 4.321068286895752, ""longitud"": 20, ""tipo"": ""codigo""}",4.321068286895752,encolada,2.1988492012023926,5.920706272125244
2024-12-24 01:55:22,2024-12-24 01:55:28,user_avanzado_1,codigo,Depuración de código,"{""demanda_predicha"": 4.321068286895752, ""longitud"": 20, ""tipo"": ""codigo""}",4.321068286895752,encolada,2.2770607471466064,5.987328767776489
2024-12-24 01:55:27,2024-12-24 01:55:30,user_intermedio_1,codigo,Prueba de API,"{""demanda_predicha"": 1.3355480432510376, ""longitud"": 13, ""tipo"": ""simple""}",1.3355480432510376,encolada,0.6592872142791748,2.3209052085876465
2024-12-24 01:55:29,2024-12-24 01:55:32,user_avanzado_1,compleja,Informe de rendimiento personalizado,"{""demanda_predicha"": 1.3128812313079834, ""longitud"": 36, ""tipo"": ""simple""}",1.3128812313079834,encolada,0.7268767356872559,2.6427876949310303
2024-12-24 01:55:30,2024-12-24 01:55:32,user_basico_1,simple,Duda sobre el servicio,"{""demanda_predicha"": 1.3210086822509766, ""longitud"": 22, ""tipo"": ""simple""}",1.3210086822509766,encolada,0.6826529502868652,2.233776569366455
2024-12-24 01:55:29,2024-12-24 01:55:34,user_avanzado_2,compleja,Análisis avanzado de datos,"{""demanda_predicha"": 3.2124698162078857, ""longitud"": 26, ""tipo"": ""compleja""}",3.2124698162078857,encolada,1.5175368785858154,4.168630123138428
2024-12-24 01:55:33,2024-12-24 01:55:35,user_intermedio_1,compleja,Solicitud de integración con API,"{""demanda_predicha"": 1.3107144832611084, ""longitud"": 32, ""tipo"": ""simple""}",1.3107144832611084,encolada,0.7737414836883545,2.460066556930542
2024-12-24 01:55:32,2024-12-24 01:55:38,user_avanzado_2,codigo,Depuración de código,"{""demanda_predicha"": 4.321068286895752, ""longitud"": 20, ""tipo"": ""codigo""}",4.321068286895752,encolada,2.1382319927215576,5.397918939590454
2024-12-24 01:55:37,2024-12-24 01:55:39,user_basico_3,simple,Información de contacto,"{""demanda_predicha"": 1.3193550109863281, ""longitud"": 23, ""tipo"": ""simple""}",1.3193550109863281,encolada,0.7232010364532471,2.477613687515259
2024-12-24 01:55:38,2024-12-24 01:55:40,user_intermedio_3,codigo,Prueba de API,"{""demanda_predicha"": 1.3355480432510376, ""longitud"": 13, ""tipo"": ""simple""}",1.3355480432510376,encolada,0.6135623455047607,2.178118944168091
2024-12-24 01:55:35,2024-12-24 01:55:40,user_avanzado_2,codigo,Ejecución de código Python complejo,"{""demanda_predicha"": 4.088248252868652, ""longitud"": 35, ""tipo"": ""codigo""}",4.088248252868652,encolada,2.4398224353790283,5.926799774169922
2024-12-24 01:55:39,2024-12-24 01:55:42,user_avanzado_2,compleja,Informe de rendimiento personalizado,"{""demanda_predicha"": 1.3128812313079834, ""longitud"": 36, ""tipo"": ""simple""}",1.3128812313079834,encolada,0.7928617000579834,2.6866698265075684
2024-12-24 01:55:42,2024-12-24 01:55:45,user_avanzado_2,compleja,Optimización de modelo de ML,"{""demanda_predicha"": 1.311086893081665, ""longitud"": 28, ""tipo"": ""simple""}",1.311086893081665,encolada,0.8239941596984863,2.639954090118408
2024-12-24 01:55:42,2024-12-24 01:55:45,user_avanzado_3,compleja,Informe de rendimiento personalizado,"{""demanda_predicha"": 1.3128812313079834, ""longitud"": 36, ""tipo"": ""simple""}",1.3128812313079834,encolada,0.867072343826294,2.596249580383301
2024-12-24 01:55:42,2024-12-24 01:55:45,user_intermedio_3,compleja,Informe de uso del último mes,"{""demanda_predicha"": 1.3097200393676758, ""longitud"": 29, ""tipo"": ""simple""}",1.3097200393676758,encolada,0.6769781112670898,3.1163060665130615
2024-12-24 01:55:44,2024-12-24 01:55:46,user_basico_1,simple,Duda sobre el servicio,"{""demanda_predicha"": 1.3210086822509766, ""longitud"": 22, ""tipo"": ""simple""}",1.3210086822509766,encolada,0.6267263889312744,2.4273769855499268
2024-12-24 01:55:46,2024-12-24 01:55:49,user_avanzado_1,codigo,Integración de API avanzada,"{""demanda_predicha"": 1.312740445137024, ""longitud"": 27, ""tipo"": ""simple""}",1.312740445137024,encolada,0.8243520259857178,2.6848349571228027
2024-12-24 01:55:47,2024-12-24 01:55:49,user_intermedio_3,simple,Duda sobre la factura,"{""demanda_predicha"": 1.322662353515625, ""longitud"": 21, ""tipo"": ""simple""}",1.322662353515625,encolada,0.5180084705352783,2.0510756969451904
2024-12-24 01:55:46,2024-12-24 01:55:51,user_avanzado_3,codigo,Depuración de código,"{""demanda_predicha"": 4.321068286895752, ""longitud"": 20, ""tipo"": ""codigo""}",4.321068286895752,encolada,2.2430906295776367,5.514216423034668
2024-12-24 01:55:50,2024-12-24 01:55:53,user_basico_3,simple,Información de contacto,"{""demanda_predicha"": 1.3193550109863281, ""longitud"": 23, ""tipo"": ""simple""}",1.3193550109863281,encolada,0.5508205890655518,2.3557698726654053
2024-12-24 01:55:51,2024-12-24 01:55:54,user_intermedio_1,simple,Consulta sobre mi plan,"{""demanda_predicha"": 1.3210086822509766, ""longitud"": 22, ""tipo"": ""simple""}",1.3210086822509766,encolada,0.6541860103607178,2.9145667552948
2024-12-24 01:55:52,2024-12-24 01:55:55,user_avanzado_2,compleja,Informe de rendimiento personalizado,"{""demanda_predicha"": 1.3128812313079834, ""longitud"": 36, ""tipo"": ""simple""}",1.3128812313079834,encolada,0.748917818069458,2.641406297683716
2024-12-24 01:55:50,2024-12-24 01:55:55,user_avanzado_3,codigo,Depuración de código,"{""demanda_predicha"": 4.321068286895752, ""longitud"": 20, ""tipo"": ""codigo""}",4.321068286895752,encolada,2.1954939365386963,5.527017116546631
2024-12-24 01:55:56,2024-12-24 01:55:59,user_intermedio_3,simple,Consulta sobre mi plan,"{""demanda_predicha"": 1.3210086822509766, ""longitud"": 22, ""tipo"": ""simple""}",1.3210086822509766,encolada,0.6147568225860596,2.8873376846313477
2024-12-24 01:55:57,2024-12-24 01:56:00,user_basico_3,simple,Información de contacto,"{""demanda_predicha"": 1.3193550109863281, ""longitud"": 23, ""tipo"": ""simple""}",1.3193550109863281,encolada,0.6043519973754883,2.796778917312622
2024-12-24 01:55:56,2024-12-24 01:56:01,user_avanzado_3,compleja,Análisis avanzado de datos,"{""demanda_predicha"": 3.2124698162078857, ""longitud"": 26, ""tipo"": ""compleja""}",3.2124698162078857,encolada,1.6484730243682861,4.687050819396973
2024-12-24 01:55:56,2024-12-24 01:56:01,user_avanzado_2,compleja,Análisis avanzado de datos,"{""demanda_predicha"": 3.2124698162078857, ""longitud"": 26, ""tipo"": ""compleja""}",3.2124698162078857,encolada,1.6535992622375488,4.8353111743927
2024-12-24 01:56:01,2024-12-24 01:56:04,user_intermedio_3,simple,Consulta sobre mi plan,"{""demanda_predicha"": 1.3210086822509766, ""longitud"": 22, ""tipo"": ""simple""}",1.3210086822509766,encolada,0.6514673233032227,2.374687910079956
2024-12-24 01:56:02,2024-12-24 01:56:05,user_avanzado_2,codigo,Automatización de tareas con scripts,"{""demanda_predicha"": 1.3128812313079834, ""longitud"": 36, ""tipo"": ""simple""}",1.3128812313079834,encolada,0.7704248428344727,3.197565793991089
2024-12-24 01:56:02,2024-12-24 01:56:05,user_avanzado_3,compleja,Optimización de modelo de ML,"{""demanda_predicha"": 1.311086893081665, ""longitud"": 28, ""tipo"": ""simple""}",1.311086893081665,encolada,0.8439533710479736,2.543414354324341
2024-12-24 01:56:03,2024-12-24 01:56:05,user_basico_2,simple,Duda sobre el servicio,"{""demanda_predicha"": 1.3210086822509766, ""longitud"": 22, ""tipo"": ""simple""}",1.3210086822509766,encolada,0.6642045974731445,2.3070919513702393
2024-12-24 01:56:05,2024-12-24 01:56:07,user_intermedio_3,codigo,Prueba de API,"{""demanda_predicha"": 1.3355480432510376, ""longitud"": 13, ""tipo"": ""simple""}",1.3355480432510376,encolada,0.5903868675231934,2.2339062690734863
2024-12-24 01:56:06,2024-12-24 01:56:09,user_avanzado_2,compleja,Predicciones de mercado,"{""demanda_predicha"": 1.3193550109863281, ""longitud"": 23, ""tipo"": ""simple""}",1.3193550109863281,encolada,0.6277711391448975,2.837904453277588
2024-12-24 01:56:06,2024-12-24 01:56:10,user_avanzado_2,compleja,Análisis avanzado de datos,"{""demanda_predicha"": 3.2124698162078857, ""longitud"": 26, ""tipo"": ""compleja""}",3.2124698162078857,encolada,1.5556623935699463,4.146794080734253
2024-12-24 01:56:09,2024-12-24 01:56:12,user_basico_2,simple,Duda sobre el servicio,"{""demanda_predicha"": 1.3210086822509766, ""longitud"": 22, ""tipo"": ""simple""}",1.3210086822509766,encolada,0.6212978363037109,2.8628597259521484
2024-12-24 01:56:10,2024-12-24 01:56:12,user_avanzado_3,compleja,Optimización de modelo de ML,"{""demanda_predicha"": 1.311086893081665, ""longitud"": 28, ""tipo"": ""simple""}",1.311086893081665,encolada,0.6388142108917236,2.378202438354492
2024-12-24 01:56:10,2024-12-24 01:56:12,user_intermedio_2,simple,Duda sobre la factura,"{""demanda_predicha"": 1.322662353515625, ""longitud"": 21, ""tipo"": ""simple""}",1.322662353515625,encolada,0.5882644653320312,2.3453752994537354
2024-12-24 01:56:11,2024-12-24 01:56:14,user_avanzado_3,compleja,Informe de rendimiento personalizado,"{""demanda_predicha"": 1.3128812313079834, ""longitud"": 36, ""tipo"": ""simple""}",1.3128812313079834,encolada,0.8826119899749756,2.657374143600464
2024-12-24 01:56:14,2024-12-24 01:56:16,user_intermedio_2,simple,Cambiar mi suscripción,"{""demanda_predicha"": 1.3210086822509766, ""longitud"": 22, ""tipo"": ""simple""}",1.3210086822509766,encolada,0.7802317142486572,2.418429374694824
2024-12-24 01:56:12,2024-12-24 01:56:18,user_avanzado_1,codigo,Depuración de código,"{""demanda_predicha"": 4.321068286895752, ""longitud"": 20, ""tipo"": ""codigo""}",4.321068286895752,encolada,2.3579540252685547,5.5302734375
2024-12-24 01:56:15,2024-12-24 01:56:18,user_avanzado_3,codigo,Automatización de tareas con scripts,"{""demanda_predicha"": 1.3128812313079834, ""longitud"": 36, ""tipo"": ""simple""}",1.3128812313079834,encolada,0.8807637691497803,3.221484899520874
2024-12-24 01:56:16,2024-12-24 01:56:19,user_basico_1,simple,Información de contacto,"{""demanda_predicha"": 1.3193550109863281, ""longitud"": 23, ""tipo"": ""simple""}",1.3193550109863281,encolada,0.6983623504638672,2.989076614379883
2024-12-24 01:56:17,2024-12-24 01:56:20,user_intermedio_2,simple,Cambiar mi suscripción,"{""demanda_predicha"": 1.3210086822509766, ""longitud"": 22, ""tipo"": ""simple""}",1.3210086822509766,encolada,0.6849336624145508,2.4942679405212402
2024-12-24 01:56:19,2024-12-24 01:56:25,user_avanzado_3,codigo,Ejecución de código Python complejo,"{""demanda_predicha"": 4.088248252868652, ""longitud"": 35, ""tipo"": ""codigo""}",4.088248252868652,encolada,2.3829710483551025,5.8035149574279785
2024-12-24 01:56:19,2024-12-24 01:56:25,user_avanzado_3,codigo,Depuración de código,"{""demanda_predicha"": 4.321068286895752, ""longitud"": 20, ""tipo"": ""codigo""}",4.321068286895752,encolada,2.414853572845459,6.291950941085815
2024-12-24 01:56:23,2024-12-24 01:56:25,user_basico_2,simple,Consulta general,"{""demanda_predicha"": 1.3309229612350464, ""longitud"": 16, ""tipo"": ""simple""}",1.3309229612350464,encolada,0.6390383243560791,2.8336126804351807
2024-12-24 01:56:22,2024-12-24 01:56:27,user_intermedio_2,compleja,Análisis de datos de mi cuenta,"{""demanda_predicha"": 3.2025277614593506, ""longitud"": 30, ""tipo"": ""compleja""}",3.2025277614593506,encolada,1.5564475059509277,4.291557312011719
2024-12-24 01:56:26,2024-12-24 01:56:29,user_avanzado_2,compleja,Predicciones de mercado,"{""demanda_predicha"": 1.3193550109863281, ""longitud"": 23, ""tipo"": ""simple""}",1.3193550109863281,encolada,0.6121346950531006,2.706782102584839
2024-12-24 01:56:26,2024-12-24 01:56:32,user_avanzado_2,codigo,Ejecución de código Python complejo,"{""demanda_predicha"": 4.088248252868652, ""longitud"": 35, ""tipo"": ""codigo""}",4.088248252868652,encolada,2.411156415939331,5.769369602203369
2024-12-24 01:56:30,2024-12-24 01:56:32,user_basico_2,simple,Consulta general,"{""demanda_predicha"": 1.3309229612350464, ""longitud"": 16, ""tipo"": ""simple""}",1.3309229612350464,encolada,0.5349740982055664,2.1806023120880127
2024-12-24 01:56:29,2024-12-24 01:56:33,user_intermedio_1,compleja,Análisis de datos de mi cuenta,"{""demanda_predicha"": 3.2025277614593506, ""longitud"": 30, ""tipo"": ""compleja""}",3.2025277614593506,encolada,1.7208185195922852,4.289534091949463
2024-12-24 01:56:30,2024-12-24 01:56:34,user_avanzado_3,compleja,Análisis avanzado de datos,"{""demanda_predicha"": 3.2124698162078857, ""longitud"": 26, ""tipo"": ""compleja""}",3.2124698162078857,encolada,1.5132567882537842,4.130709409713745
2024-12-24 01:56:35,2024-12-24 01:56:37,user_avanzado_1,compleja,Optimización de modelo de ML,"{""demanda_predicha"": 1.311086893081665, ""longitud"": 28, ""tipo"": ""simple""}",1.311086893081665,encolada,0.7003576755523682,2.394606828689575
2024-12-24 01:56:35,2024-12-24 01:56:38,user_basico_3,simple,Consulta general,"{""demanda_predicha"": 1.3309229612350464, ""longitud"": 16, ""tipo"": ""simple""}",1.3309229612350464,encolada,0.686680793762207,3.004667282104492
2024-12-24 01:56:33,2024-12-24 01:56:39,user_avanzado_3,codigo,Depuración de código,"{""demanda_predicha"": 4.321068286895752, ""longitud"": 20, ""tipo"": ""codigo""}",4.321068286895752,encolada,2.2067277431488037,5.58440375328064
2024-12-24 01:56:36,2024-12-24 01:56:39,user_intermedio_3,simple,Duda sobre la factura,"{""demanda_predicha"": 1.322662353515625, ""longitud"": 21, ""tipo"": ""simple""}",1.322662353515625,encolada,0.7034575939178467,2.846251964569092
2024-12-24 01:56:39,2024-12-24 01:56:42,user_avanzado_3,compleja,Informe de rendimiento personalizado,"{""demanda_predicha"": 1.3128812313079834, ""longitud"": 36, ""tipo"": ""simple""}",1.3128812313079834,encolada,0.865394115447998,2.810431480407715
2024-12-24 01:56:39,2024-12-24 01:56:42,user_avanzado_3,compleja,Predicciones de mercado,"{""demanda_predicha"": 1.3193550109863281, ""longitud"": 23, ""tipo"": ""simple""}",1.3193550109863281,encolada,0.7367403507232666,2.932934522628784
2024-12-24 01:56:41,2024-12-24 01:56:43,user_basico_2,simple,Consulta general,"{""demanda_predicha"": 1.3309229612350464, ""longitud"": 16, ""tipo"": ""simple""}",1.3309229612350464,encolada,0.5252184867858887,2.115341901779175
2024-12-24 01:56:41,2024-12-24 01:56:43,user_intermedio_2,compleja,Informe de uso del último mes,"{""demanda_predicha"": 1.3097200393676758, ""longitud"": 29, ""tipo"": ""simple""}",1.3097200393676758,encolada,0.7403061389923096,2.554478168487549
2024-12-24 01:56:43,2024-12-24 01:56:47,user_avanzado_3,compleja,Análisis avanzado de datos,"{""demanda_predicha"": 3.2124698162078857, ""longitud"": 26, ""tipo"": ""compleja""}",3.2124698162078857,encolada,1.599792718887329,4.423877954483032
2024-12-24 01:56:45,2024-12-24 01:56:47,user_intermedio_3,codigo,Ejecución de script simple,"{""demanda_predicha"": 1.3143941164016724, ""longitud"": 26, ""tipo"": ""simple""}",1.3143941164016724,encolada,0.7490808963775635,2.4875237941741943
2024-12-24 01:56:45,2024-12-24 01:56:47,user_basico_3,simple,Duda sobre el servicio,"{""demanda_predicha"": 1.3210086822509766, ""longitud"": 22, ""tipo"": ""simple""}",1.3210086822509766,encolada,0.6119053363800049,2.3416032791137695
2024-12-24 01:56:44,2024-12-24 01:56:48,user_avanzado_3,compleja,Análisis avanzado de datos,"{""demanda_predicha"": 3.2124698162078857, ""longitud"": 26, ""tipo"": ""compleja""}",3.2124698162078857,encolada,1.5783743858337402,4.093641996383667
2024-12-24 01:56:48,2024-12-24 01:56:51,user_avanzado_3,compleja,Predicciones de mercado,"{""demanda_predicha"": 1.3193550109863281, ""longitud"": 23, ""tipo"": ""simple""}",1.3193550109863281,encolada,0.6894197463989258,2.3258697986602783
2024-12-24 01:56:48,2024-12-24 01:56:51,user_intermedio_1,codigo,Ejecución de script simple,"{""demanda_predicha"": 1.3143941164016724, ""longitud"": 26, ""tipo"": ""simple""}",1.3143941164016724,encolada,0.7059822082519531,2.552342414855957
2024-12-24 01:56:49,2024-12-24 01:56:51,user_avanzado_1,compleja,Informe de rendimiento personalizado,"{""demanda_predicha"": 1.3128812313079834, ""longitud"": 36, ""tipo"": ""simple""}",1.3128812313079834,encolada,0.8439500331878662,2.7583515644073486
2024-12-24 01:56:51,2024-12-24 01:56:54,user_basico_2,simple,Duda sobre el servicio,"{""demanda_predicha"": 1.3210086822509766, ""longitud"": 22, ""tipo"": ""simple""}",1.3210086822509766,encolada,0.550675630569458,2.7683217525482178
2024-12-24 01:56:52,2024-12-24 01:56:55,user_avanzado_1,codigo,Integración de API avanzada,"{""demanda_predicha"": 1.312740445137024, ""longitud"": 27, ""tipo"": ""simple""}",1.312740445137024,encolada,0.6320288181304932,2.442713975906372
2024-12-24 01:56:52,2024-12-24 01:56:55,user_intermedio_2,compleja,Solicitud de integración con API,"{""demanda_predicha"": 1.3107144832611084, ""longitud"": 32, ""tipo"": ""simple""}",1.3107144832611084,encolada,0.8037457466125488,2.5161046981811523
2024-12-24 01:56:53,2024-12-24 01:56:55,user_avanzado_1,compleja,Informe de rendimiento personalizado,"{""demanda_predicha"": 1.3128812313079834, ""longitud"": 36, ""tipo"": ""simple""}",1.3128812313079834,encolada,0.7122862339019775,2.665748119354248
2024-12-24 01:56:56,2024-12-24 01:56:59,user_basico_1,simple,Consulta general,"{""demanda_predicha"": 1.3309229612350464, ""longitud"": 16, ""tipo"": ""simple""}",1.3309229612350464,encolada,0.6832129955291748,2.421647071838379
2024-12-24 01:56:57,2024-12-24 01:57:00,user_intermedio_2,compleja,Informe de uso del último mes,"{""demanda_predicha"": 1.3097200393676758, ""longitud"": 29, ""tipo"": ""simple""}",1.3097200393676758,encolada,0.661870002746582,2.5754270553588867
2024-12-24 01:56:56,2024-12-24 01:57:01,user_avanzado_1,compleja,Análisis avanzado de datos,"{""demanda_predicha"": 3.2124698162078857, ""longitud"": 26, ""tipo"": ""compleja""}",3.2124698162078857,encolada,1.509035348892212,4.763046741485596
2024-12-24 01:56:57,2024-12-24 01:57:01,user_avanzado_3,compleja,Análisis avanzado de datos,"{""demanda_predicha"": 3.2124698162078857, ""longitud"": 26, ""tipo"": ""compleja""}",3.2124698162078857,encolada,1.6306095123291016,4.69025444984436
2024-12-24 01:57:02,2024-12-24 01:57:04,user_basico_3,simple,Duda sobre el servicio,"{""demanda_predicha"": 1.3210086822509766, ""longitud"": 22, ""tipo"": ""simple""}",1.3210086822509766,encolada,0.6451988220214844,2.3230764865875244
2024-12-24 01:57:02,2024-12-24 01:57:05,user_intermedio_1,compleja,Solicitud de integración con API,"{""demanda_predicha"": 1.3107144832611084, ""longitud"": 32, ""tipo"": ""simple""}",1.3107144832611084,encolada,0.7453820705413818,2.5237390995025635
2024-12-24 01:57:03,2024-12-24 01:57:05,user_avanzado_1,compleja,Optimización de modelo de ML,"{""demanda_predicha"": 1.311086893081665, ""longitud"": 28, ""tipo"": ""simple""}",1.311086893081665,encolada,0.7636532783508301,2.4992713928222656
2024-12-24 01:57:01,2024-12-24 01:57:07,user_avanzado_3,codigo,Depuración de código,"{""demanda_predicha"": 4.321068286895752, ""longitud"": 20, ""tipo"": ""codigo""}",4.321068286895752,encolada,2.286836862564087,5.5021138191223145
2024-12-24 01:57:06,2024-12-24 01:57:08,user_intermedio_2,simple,Consulta sobre mi plan,"{""demanda_predicha"": 1.3210086822509766, ""longitud"": 22, ""tipo"": ""simple""}",1.3210086822509766,encolada,0.7873716354370117,2.5358757972717285
2024-12-24 01:57:06,2024-12-24 01:57:09,user_basico_3,simple,Consulta general,"{""demanda_predicha"": 1.3309229612350464, ""longitud"": 16, ""tipo"": ""simple""}",1.3309229612350464,encolada,0.4994795322418213,2.635788679122925
2024-12-24 01:57:07,2024-12-24 01:57:10,user_avanzado_3,compleja,Predicciones de mercado,"{""demanda_predicha"": 1.3193550109863281, ""longitud"": 23, ""tipo"": ""simple""}",1.3193550109863281,encolada,0.6090538501739502,2.769888401031494
2024-12-24 01:57:08,2024-12-24 01:57:13,user_avanzado_2,compleja,Análisis avanzado de datos,"{""demanda_predicha"": 3.2124698162078857, ""longitud"": 26, ""tipo"": ""compleja""}",3.2124698162078857,encolada,1.5053937435150146,4.640710830688477
2024-12-24 01:57:10,2024-12-24 01:57:13,user_avanzado_1,codigo,Integración de API avanzada,"{""demanda_predicha"": 1.312740445137024, ""longitud"": 27, ""tipo"": ""simple""}",1.312740445137024,encolada,0.6669888496398926,2.452512502670288
2024-12-24 01:57:13,2024-12-24 01:57:16,user_basico_3,simple,Consulta general,"{""demanda_predicha"": 1.3309229612350464, ""longitud"": 16, ""tipo"": ""simple""}",1.3309229612350464,encolada,0.7665622234344482,3.0087838172912598
2024-12-24 01:57:11,2024-12-24 01:57:16,user_intermedio_2,compleja,Análisis de datos de mi cuenta,"{""demanda_predicha"": 3.2025277614593506, ""longitud"": 30, ""tipo"": ""compleja""}",3.2025277614593506,encolada,1.525395154953003,4.6368567943573
2024-12-24 01:57:14,2024-12-24 01:57:17,user_avanzado_2,compleja,Optimización de modelo de ML,"{""demanda_predicha"": 1.311086893081665, ""longitud"": 28, ""tipo"": ""simple""}",1.311086893081665,encolada,0.8365826606750488,2.670328378677368
